Country,name,email
Germany,Adam Johnson,eu.tellus.phasellus@outlook.net
New Zealand,Paki Green,cursus.integer.mollis@google.edu
Colombia,Jade Farley,dui.lectus@google.edu
South Korea,Solomon Sawyer,proin.vel@outlook.edu
Philippines,Lewis Meyer,ipsum.suspendisse@google.couk
Singapore,Cyrus Dawson,sem@hotmail.ca
Belgium,Harding Hatfield,mauris.eu@protonmail.couk
India,Erin Vasquez,tincidunt@icloud.edu
Mexico,Anthony Pope,vulputate.ullamcorper@aol.net
South Korea,Chelsea Spence,enim.nunc@hotmail.edu
New Zealand,Amery Heath,penatibus.et@outlook.edu
Ukraine,Dominique Harris,nulla.semper@outlook.net
France,Devin Jimenez,ac.facilisis@yahoo.edu
Singapore,Iliana Campbell,rutrum.justo@protonmail.couk
Nigeria,Judah Gray,turpis.egestas.aliquam@yahoo.edu
Russian Federation,Yeo Blake,urna.vivamus@protonmail.edu
South Korea,Hall Cabrera,vestibulum.nec.euismod@protonmail.edu
Turkey,Xander Evans,ipsum.dolor@hotmail.ca
Italy,Veda Hampton,sodales.mauris@icloud.net
Philippines,Jenna Acevedo,pretium.aliquet@aol.ca
France,Indigo York,rutrum.fusce@aol.com
Spain,Orla Hurst,tristique.neque@aol.net
Peru,Gillian Parsons,dolor.quisque@outlook.com
Turkey,Luke Hays,nullam.scelerisque.neque@hotmail.ca
Canada,Magee Church,dapibus.quam@protonmail.net
Russian Federation,Damian Garner,ultricies.dignissim@protonmail.edu
Netherlands,Jena Camacho,morbi.tristique@aol.com
United Kingdom,Gloria Stuart,turpis@protonmail.org
Indonesia,Joel Baird,lectus.pede@icloud.edu
Canada,Fletcher Ray,eu.enim@hotmail.ca
China,Cain Pearson,et.risus@outlook.couk
Sweden,Halla Jensen,imperdiet.dictum@aol.ca
Vietnam,Hop Santana,vestibulum.mauris.magna@aol.org
Ukraine,Simon Farmer,nunc.risus.varius@google.net
Indonesia,Gwendolyn Hughes,et.nunc@icloud.couk
United Kingdom,Harlan Mays,et.magna.praesent@aol.ca
Turkey,Yuli Herring,ultricies.adipiscing.enim@icloud.couk
Sweden,Thaddeus Villarreal,diam.dictum.sapien@yahoo.ca
Brazil,Daryl Mccormick,vitae.dolor@protonmail.org
Italy,Alice Chase,at.libero.morbi@outlook.org
Colombia,Patience Gregory,penatibus@icloud.couk
Ireland,Zeus Gibbs,vivamus@google.ca
Brazil,Mason Hawkins,erat.in@protonmail.org
Netherlands,Hu Rich,non@icloud.edu
Brazil,Lacota Underwood,sem.vitae@protonmail.net
Chile,Thane Barton,convallis@yahoo.edu
Colombia,Stephen Velasquez,vehicula.risus@yahoo.ca
Belgium,Howard Reid,porttitor.tellus@yahoo.couk
Peru,Freya Carrillo,eros.non.enim@outlook.net
China,Teegan Rollins,luctus.sit@protonmail.net
Colombia,Vivien Hewitt,pellentesque@google.couk
France,Martin Peters,nisl.elementum@google.couk
New Zealand,Dillon Strickland,non.bibendum@protonmail.edu
Austria,Rogan Preston,dolor.sit@google.net
Singapore,Gillian Holloway,ligula.consectetuer@aol.edu
Spain,Vera Chang,dapibus@icloud.com
Peru,Malik Russo,sem.nulla@outlook.ca
Italy,Zelda Watson,egestas.blandit@icloud.com
Brazil,Stuart Schneider,molestie.tortor.nibh@google.ca
Peru,Brynne White,orci.ut.sagittis@protonmail.com
Australia,Rahim Ware,orci.phasellus@aol.edu
Mexico,Thomas Jarvis,lacinia@outlook.com
United Kingdom,Sybill Mccray,luctus.felis@hotmail.couk
Costa Rica,Dacey Carroll,magna.sed@google.com
Ukraine,Xandra Monroe,pharetra.sed@aol.org
Russian Federation,Raja Cochran,penatibus.et@yahoo.ca
India,Patience Wolf,dictum.mi@protonmail.ca
Costa Rica,Eugenia Battle,aliquet.vel.vulputate@outlook.org
Norway,Logan Petty,nonummy.ut@aol.couk
United Kingdom,Cedric Greene,enim.etiam@protonmail.ca
Colombia,Kevin Rios,a@icloud.org
Indonesia,Dorothy Smith,tristique.aliquet@icloud.com
Chile,Nigel Odom,interdum.feugiat@icloud.couk
Ireland,Nolan Christensen,ac.metus.vitae@hotmail.net
Philippines,Dolan Hale,nibh@hotmail.edu
Canada,Nero Patterson,non.vestibulum.nec@google.org
Colombia,Tanisha Lane,ad.litora@yahoo.org
New Zealand,Nissim Jones,nonummy.ut.molestie@hotmail.org
Costa Rica,Lee Koch,metus@yahoo.com
Philippines,Danielle Irwin,blandit.congue@protonmail.ca
Belgium,James Sampson,arcu@outlook.ca
Vietnam,Ava Harmon,vitae.aliquet@outlook.org
Colombia,Deanna Carlson,imperdiet.ullamcorper@outlook.edu
Spain,Talon Lang,felis.nulla.tempor@protonmail.net
Italy,Dustin Reed,nulla.facilisi@protonmail.couk
Australia,Marah Murray,et.euismod@icloud.edu
Poland,Lisandra Shannon,mauris.a@outlook.ca
Australia,Kadeem Lee,aenean.euismod@google.couk
Chile,Kelsie Boyd,nec.ante.blandit@protonmail.couk
Canada,Diana Byers,vel.arcu@icloud.edu
United States,Ross Gibbs,at.libero.morbi@yahoo.net
Singapore,Hayden Larsen,pellentesque.ut@aol.com
Costa Rica,Christine Le,fringilla.donec@icloud.couk
South Africa,Kylynn Fischer,accumsan.laoreet.ipsum@aol.com
Singapore,Curran Huber,lorem.auctor.quis@icloud.org
Nigeria,Oliver Kemp,pede.praesent@aol.org
Peru,Hilary Gillespie,diam.eu@aol.org
Mexico,Michael Witt,arcu.vel@aol.ca
Costa Rica,Jakeem Mccall,dolor.sit@yahoo.com
Philippines,Aquila Dyer,dictum.augue@outlook.org
